placeDcid,placeName,Date:Count_Person,Value:Count_Person,Source:Count_Person
geoId/01,Alabama,2013,4831586,https://www2.census.gov/programs-surveys/popest/tables
geoId/01,Alabama,2014,4843737,https://www2.census.gov/programs-surveys/popest/tables
geoId/01,Alabama,2015,4854803,https://www2.census.gov/programs-surveys/popest/tables
geoId/01,Alabama,2016,4866824,https://www2.census.gov/programs-surveys/popest/tables
geoId/01,Alabama,2017,4877989,https://www2.census.gov/programs-surveys/popest/tables
geoId/01,Alabama,2018,4891628,https://www2.census.gov/programs-surveys/popest/tables
geoId/02,Alaska,2013,737626,https://www2.census.gov/programs-surveys/popest/tables
geoId/02,Alaska,2014,737075,https://www2.census.gov/programs-surveys/popest/tables
geoId/02,Alaska,2015,738430,https://www2.census.gov/programs-surveys/popest/tables
geoId/02,Alaska,2016,742575,https://www2.census.gov/programs-surveys/popest/tables
geoId/02,Alaska,2017,740983,https://www2.census.gov/programs-surveys/popest/tables
geoId/02,Alaska,2018,736624,https://www2.census.gov/programs-surveys/popest/tables
geoId/04,Arizona,2013,6634690,https://www2.census.gov/programs-surveys/popest/tables
geoId/04,Arizona,2014,6732873,https://www2.census.gov/programs-surveys/popest/tables
geoId/04,Arizona,2015,6832810,https://www2.census.gov/programs-surveys/popest/tables
geoId/04,Arizona,2016,6944767,https://www2.census.gov/programs-surveys/popest/tables
geoId/04,Arizona,2017,7048088,https://www2.census.gov/programs-surveys/popest/tables
geoId/04,Arizona,2018,7164228,https://www2.census.gov/programs-surveys/popest/tables
geoId/05,Arkansas,2013,2960459,https://www2.census.gov/programs-surveys/popest/tables
geoId/05,Arkansas,2014,2968759,https://www2.census.gov/programs-surveys/popest/tables
geoId/05,Arkansas,2015,2979732,https://www2.census.gov/programs-surveys/popest/tables
geoId/05,Arkansas,2016,2991815,https://www2.census.gov/programs-surveys/popest/tables
geoId/05,Arkansas,2017,3003855,https://www2.census.gov/programs-surveys/popest/tables
geoId/05,Arkansas,2018,3012161,https://www2.census.gov/programs-surveys/popest/tables
geoId/06,California,2013,38253768,https://www2.census.gov/programs-surveys/popest/tables
geoId/06,California,2014,38586706,https://www2.census.gov/programs-surveys/popest/tables
geoId/06,California,2015,38904296,https://www2.census.gov/programs-surveys/popest/tables
geoId/06,California,2016,39149186,https://www2.census.gov/programs-surveys/popest/tables
geoId/06,California,2017,39337785,https://www2.census.gov/programs-surveys/popest/tables
geoId/06,California,2018,39437463,https://www2.census.gov/programs-surveys/popest/tables
geoId/08,Colorado,2013,5270774,https://www2.census.gov/programs-surveys/popest/tables
geoId/08,Colorado,2014,5352637,https://www2.census.gov/programs-surveys/popest/tables
geoId/08,Colorado,2015,5454328,https://www2.census.gov/programs-surveys/popest/tables
geoId/08,Colorado,2016,5543844,https://www2.census.gov/programs-surveys/popest/tables
geoId/08,Colorado,2017,5617421,https://www2.census.gov/programs-surveys/popest/tables
geoId/08,Colorado,2018,5697155,https://www2.census.gov/programs-surveys/popest/tables
geoId/09,Connecticut,2013,3595792,https://www2.census.gov/programs-surveys/popest/tables
geoId/09,Connecticut,2014,3595697,https://www2.census.gov/programs-surveys/popest/tables
geoId/09,Connecticut,2015,3588561,https://www2.census.gov/programs-surveys/popest/tables
geoId/09,Connecticut,2016,3579830,https://www2.census.gov/programs-surveys/popest/tables
geoId/09,Connecticut,2017,3575324,https://www2.census.gov/programs-surveys/popest/tables
geoId/09,Connecticut,2018,3574561,https://www2.census.gov/programs-surveys/popest/tables
geoId/10,Delaware,2013,924062,https://www2.census.gov/programs-surveys/popest/tables
geoId/10,Delaware,2014,933131,https://www2.census.gov/programs-surveys/popest/tables
geoId/10,Delaware,2015,942065,https://www2.census.gov/programs-surveys/popest/tables
geoId/10,Delaware,2016,949989,https://www2.census.gov/programs-surveys/popest/tables
geoId/10,Delaware,2017,957942,https://www2.census.gov/programs-surveys/popest/tables
geoId/10,Delaware,2018,966985,https://www2.census.gov/programs-surveys/popest/tables
geoId/11,District of Columbia,2013,651559,https://www2.census.gov/programs-surveys/popest/tables
geoId/11,District of Columbia,2014,663603,https://www2.census.gov/programs-surveys/popest/tables
geoId/11,District of Columbia,2015,677014,https://www2.census.gov/programs-surveys/popest/tables
geoId/11,District of Columbia,2016,687576,https://www2.census.gov/programs-surveys/popest/tables
geoId/11,District of Columbia,2017,697079,https://www2.census.gov/programs-surveys/popest/tables
geoId/11,District of Columbia,2018,704147,https://www2.census.gov/programs-surveys/popest/tables
geoId/12,Florida,2013,19551678,https://www2.census.gov/programs-surveys/popest/tables
geoId/12,Florida,2014,19853880,https://www2.census.gov/programs-surveys/popest/tables
geoId/12,Florida,2015,20219111,https://www2.census.gov/programs-surveys/popest/tables
geoId/12,Florida,2016,20627237,https://www2.census.gov/programs-surveys/popest/tables
geoId/12,Florida,2017,20977089,https://www2.census.gov/programs-surveys/popest/tables
geoId/12,Florida,2018,21254926,https://www2.census.gov/programs-surveys/popest/tables
geoId/13,Georgia,2013,9975592,https://www2.census.gov/programs-surveys/popest/tables
geoId/13,Georgia,2014,10071204,https://www2.census.gov/programs-surveys/popest/tables
geoId/13,Georgia,2015,10183353,https://www2.census.gov/programs-surveys/popest/tables
geoId/13,Georgia,2016,10308442,https://www2.census.gov/programs-surveys/popest/tables
geoId/13,Georgia,2017,10417031,https://www2.census.gov/programs-surveys/popest/tables
geoId/13,Georgia,2018,10519389,https://www2.census.gov/programs-surveys/popest/tables
geoId/15,Hawaii,2013,1408822,https://www2.census.gov/programs-surveys/popest/tables
geoId/15,Hawaii,2014,1415335,https://www2.census.gov/programs-surveys/popest/tables
geoId/15,Hawaii,2015,1422999,https://www2.census.gov/programs-surveys/popest/tables
geoId/15,Hawaii,2016,1428885,https://www2.census.gov/programs-surveys/popest/tables
geoId/15,Hawaii,2017,1425763,https://www2.census.gov/programs-surveys/popest/tables
geoId/15,Hawaii,2018,1423102,https://www2.census.gov/programs-surveys/popest/tables
geoId/16,Idaho,2013,1612053,https://www2.census.gov/programs-surveys/popest/tables
geoId/16,Idaho,2014,1632248,https://www2.census.gov/programs-surveys/popest/tables
geoId/16,Idaho,2015,1652495,https://www2.census.gov/programs-surveys/popest/tables
geoId/16,Idaho,2016,1684036,https://www2.census.gov/programs-surveys/popest/tables
geoId/16,Idaho,2017,1719745,https://www2.census.gov/programs-surveys/popest/tables
geoId/16,Idaho,2018,1752074,https://www2.census.gov/programs-surveys/popest/tables
geoId/17,Illinois,2013,12895778,https://www2.census.gov/programs-surveys/popest/tables
geoId/17,Illinois,2014,12885092,https://www2.census.gov/programs-surveys/popest/tables
geoId/17,Illinois,2015,12859585,https://www2.census.gov/programs-surveys/popest/tables
geoId/17,Illinois,2016,12821709,https://www2.census.gov/programs-surveys/popest/tables
geoId/17,Illinois,2017,12779893,https://www2.census.gov/programs-surveys/popest/tables
geoId/17,Illinois,2018,12724685,https://www2.census.gov/programs-surveys/popest/tables
geoId/18,Indiana,2013,6570575,https://www2.census.gov/programs-surveys/popest/tables
geoId/18,Indiana,2014,6596019,https://www2.census.gov/programs-surveys/popest/tables
geoId/18,Indiana,2015,6611442,https://www2.census.gov/programs-surveys/popest/tables
geoId/18,Indiana,2016,6637898,https://www2.census.gov/programs-surveys/popest/tables
geoId/18,Indiana,2017,6662068,https://www2.census.gov/programs-surveys/popest/tables
geoId/18,Indiana,2018,6698481,https://www2.census.gov/programs-surveys/popest/tables
geoId/19,Iowa,2013,3093935,https://www2.census.gov/programs-surveys/popest/tables
geoId/19,Iowa,2014,3110643,https://www2.census.gov/programs-surveys/popest/tables
geoId/19,Iowa,2015,3122541,https://www2.census.gov/programs-surveys/popest/tables
geoId/19,Iowa,2016,3133210,https://www2.census.gov/programs-surveys/popest/tables
geoId/19,Iowa,2017,3143734,https://www2.census.gov/programs-surveys/popest/tables
geoId/19,Iowa,2018,3149900,https://www2.census.gov/programs-surveys/popest/tables
geoId/20,Kansas,2013,2894306,https://www2.census.gov/programs-surveys/popest/tables
geoId/20,Kansas,2014,2901861,https://www2.census.gov/programs-surveys/popest/tables
geoId/20,Kansas,2015,2910717,https://www2.census.gov/programs-surveys/popest/tables
geoId/20,Kansas,2016,2912977,https://www2.census.gov/programs-surveys/popest/tables
geoId/20,Kansas,2017,2910892,https://www2.census.gov/programs-surveys/popest/tables
geoId/20,Kansas,2018,2912748,https://www2.census.gov/programs-surveys/popest/tables
geoId/21,Kentucky,2013,4406906,https://www2.census.gov/programs-surveys/popest/tables
geoId/21,Kentucky,2014,4416992,https://www2.census.gov/programs-surveys/popest/tables
geoId/21,Kentucky,2015,4429126,https://www2.census.gov/programs-surveys/popest/tables
geoId/21,Kentucky,2016,4440306,https://www2.census.gov/programs-surveys/popest/tables
geoId/21,Kentucky,2017,4455590,https://www2.census.gov/programs-surveys/popest/tables
geoId/21,Kentucky,2018,4464273,https://www2.census.gov/programs-surveys/popest/tables
geoId/22,Louisiana,2013,4626040,https://www2.census.gov/programs-surveys/popest/tables
geoId/22,Louisiana,2014,4645938,https://www2.census.gov/programs-surveys/popest/tables
geoId/22,Louisiana,2015,4666998,https://www2.census.gov/programs-surveys/popest/tables
geoId/22,Louisiana,2016,4681346,https://www2.census.gov/programs-surveys/popest/tables
geoId/22,Louisiana,2017,4673673,https://www2.census.gov/programs-surveys/popest/tables
geoId/22,Louisiana,2018,4664450,https://www2.census.gov/programs-surveys/popest/tables
geoId/23,Maine,2013,1328543,https://www2.census.gov/programs-surveys/popest/tables
geoId/23,Maine,2014,1331217,https://www2.census.gov/programs-surveys/popest/tables
geoId/23,Maine,2015,1329098,https://www2.census.gov/programs-surveys/popest/tables
geoId/23,Maine,2016,1332348,https://www2.census.gov/programs-surveys/popest/tables
geoId/23,Maine,2017,1335743,https://www2.census.gov/programs-surveys/popest/tables
geoId/23,Maine,2018,1340123,https://www2.census.gov/programs-surveys/popest/tables
geoId/24,Maryland,2013,5925197,https://www2.census.gov/programs-surveys/popest/tables
geoId/24,Maryland,2014,5960064,https://www2.census.gov/programs-surveys/popest/tables
geoId/24,Maryland,2015,5988528,https://www2.census.gov/programs-surveys/popest/tables
geoId/24,Maryland,2016,6007014,https://www2.census.gov/programs-surveys/popest/tables
geoId/24,Maryland,2017,6028186,https://www2.census.gov/programs-surveys/popest/tables
geoId/24,Maryland,2018,6042153,https://www2.census.gov/programs-surveys/popest/tables
geoId/25,Massachusetts,2013,6715158,https://www2.census.gov/programs-surveys/popest/tables
geoId/25,Massachusetts,2014,6764864,https://www2.census.gov/programs-surveys/popest/tables
geoId/25,Massachusetts,2015,6797484,https://www2.census.gov/programs-surveys/popest/tables
geoId/25,Massachusetts,2016,6827280,https://www2.census.gov/programs-surveys/popest/tables
geoId/25,Massachusetts,2017,6863560,https://www2.census.gov/programs-surveys/popest/tables
geoId/25,Massachusetts,2018,6885720,https://www2.census.gov/programs-surveys/popest/tables
geoId/26,Michigan,2013,9914802,https://www2.census.gov/programs-surveys/popest/tables
geoId/26,Michigan,2014,9932033,https://www2.census.gov/programs-surveys/popest/tables
geoId/26,Michigan,2015,9934483,https://www2.census.gov/programs-surveys/popest/tables
geoId/26,Michigan,2016,9954117,https://www2.census.gov/programs-surveys/popest/tables
geoId/26,Michigan,2017,9976752,https://www2.census.gov/programs-surveys/popest/tables
geoId/26,Michigan,2018,9987286,https://www2.census.gov/programs-surveys/popest/tables
geoId/27,Minnesota,2013,5414722,https://www2.census.gov/programs-surveys/popest/tables
geoId/27,Minnesota,2014,5452665,https://www2.census.gov/programs-surveys/popest/tables
geoId/27,Minnesota,2015,5484002,https://www2.census.gov/programs-surveys/popest/tables
geoId/27,Minnesota,2016,5525360,https://www2.census.gov/programs-surveys/popest/tables
geoId/27,Minnesota,2017,5569283,https://www2.census.gov/programs-surveys/popest/tables
geoId/27,Minnesota,2018,5608762,https://www2.census.gov/programs-surveys/popest/tables
geoId/28,Mississippi,2013,2989839,https://www2.census.gov/programs-surveys/popest/tables
geoId/28,Mississippi,2014,2991892,https://www2.census.gov/programs-surveys/popest/tables
geoId/28,Mississippi,2015,2990231,https://www2.census.gov/programs-surveys/popest/tables
geoId/28,Mississippi,2016,2990595,https://www2.census.gov/programs-surveys/popest/tables
geoId/28,Mississippi,2017,2990674,https://www2.census.gov/programs-surveys/popest/tables
geoId/28,Mississippi,2018,2982879,https://www2.census.gov/programs-surveys/popest/tables
geoId/29,Missouri,2013,6042989,https://www2.census.gov/programs-surveys/popest/tables
geoId/29,Missouri,2014,6059130,https://www2.census.gov/programs-surveys/popest/tables
geoId/29,Missouri,2015,6075411,https://www2.census.gov/programs-surveys/popest/tables
geoId/29,Missouri,2016,6091384,https://www2.census.gov/programs-surveys/popest/tables
geoId/29,Missouri,2017,6111382,https://www2.census.gov/programs-surveys/popest/tables
geoId/29,Missouri,2018,6125986,https://www2.census.gov/programs-surveys/popest/tables
geoId/30,Montana,2013,1014158,https://www2.census.gov/programs-surveys/popest/tables
geoId/30,Montana,2014,1022657,https://www2.census.gov/programs-surveys/popest/tables
geoId/30,Montana,2015,1031495,https://www2.census.gov/programs-surveys/popest/tables
geoId/30,Montana,2016,1042137,https://www2.census.gov/programs-surveys/popest/tables
geoId/30,Montana,2017,1053862,https://www2.census.gov/programs-surveys/popest/tables
geoId/30,Montana,2018,1061818,https://www2.census.gov/programs-surveys/popest/tables
geoId/31,Nebraska,2013,1865813,https://www2.census.gov/programs-surveys/popest/tables
geoId/31,Nebraska,2014,1879955,https://www2.census.gov/programs-surveys/popest/tables
geoId/31,Nebraska,2015,1892059,https://www2.census.gov/programs-surveys/popest/tables
geoId/31,Nebraska,2016,1906483,https://www2.census.gov/programs-surveys/popest/tables
geoId/31,Nebraska,2017,1916998,https://www2.census.gov/programs-surveys/popest/tables
geoId/31,Nebraska,2018,1925512,https://www2.census.gov/programs-surveys/popest/tables
geoId/32,Nevada,2013,2776956,https://www2.census.gov/programs-surveys/popest/tables
geoId/32,Nevada,2014,2818935,https://www2.census.gov/programs-surveys/popest/tables
geoId/32,Nevada,2015,2868531,https://www2.census.gov/programs-surveys/popest/tables
geoId/32,Nevada,2016,2919555,https://www2.census.gov/programs-surveys/popest/tables
geoId/32,Nevada,2017,2972097,https://www2.census.gov/programs-surveys/popest/tables
geoId/32,Nevada,2018,3030725,https://www2.census.gov/programs-surveys/popest/tables
geoId/33,New Hampshire,2013,1327272,https://www2.census.gov/programs-surveys/popest/tables
geoId/33,New Hampshire,2014,1334257,https://www2.census.gov/programs-surveys/popest/tables
geoId/33,New Hampshire,2015,1337480,https://www2.census.gov/programs-surveys/popest/tables
geoId/33,New Hampshire,2016,1343694,https://www2.census.gov/programs-surveys/popest/tables
geoId/33,New Hampshire,2017,1350395,https://www2.census.gov/programs-surveys/popest/tables
geoId/33,New Hampshire,2018,1355064,https://www2.census.gov/programs-surveys/popest/tables
geoId/34,New Jersey,2013,8857821,https://www2.census.gov/programs-surveys/popest/tables
geoId/34,New Jersey,2014,8867277,https://www2.census.gov/programs-surveys/popest/tables
geoId/34,New Jersey,2015,8870312,https://www2.census.gov/programs-surveys/popest/tables
geoId/34,New Jersey,2016,8873584,https://www2.census.gov/programs-surveys/popest/tables
geoId/34,New Jersey,2017,8888147,https://www2.census.gov/programs-surveys/popest/tables
geoId/34,New Jersey,2018,8891730,https://www2.census.gov/programs-surveys/popest/tables
geoId/35,New Mexico,2013,2092833,https://www2.census.gov/programs-surveys/popest/tables
geoId/35,New Mexico,2014,2090236,https://www2.census.gov/programs-surveys/popest/tables
geoId/35,New Mexico,2015,2090071,https://www2.census.gov/programs-surveys/popest/tables
geoId/35,New Mexico,2016,2092555,https://www2.census.gov/programs-surveys/popest/tables
geoId/35,New Mexico,2017,2092844,https://www2.census.gov/programs-surveys/popest/tables
geoId/35,New Mexico,2018,2093754,https://www2.census.gov/programs-surveys/popest/tables
geoId/36,New York,2013,19626488,https://www2.census.gov/programs-surveys/popest/tables
geoId/36,New York,2014,19653431,https://www2.census.gov/programs-surveys/popest/tables
geoId/36,New York,2015,19657321,https://www2.census.gov/programs-surveys/popest/tables
geoId/36,New York,2016,19636391,https://www2.census.gov/programs-surveys/popest/tables
geoId/36,New York,2017,19593849,https://www2.census.gov/programs-surveys/popest/tables
geoId/36,New York,2018,19544098,https://www2.census.gov/programs-surveys/popest/tables
geoId/37,North Carolina,2013,9846717,https://www2.census.gov/programs-surveys/popest/tables
geoId/37,North Carolina,2014,9937295,https://www2.census.gov/programs-surveys/popest/tables
geoId/37,North Carolina,2015,10037218,https://www2.census.gov/programs-surveys/popest/tables
geoId/37,North Carolina,2016,10161802,https://www2.census.gov/programs-surveys/popest/tables
geoId/37,North Carolina,2017,10275758,https://www2.census.gov/programs-surveys/popest/tables
geoId/37,North Carolina,2018,10391358,https://www2.census.gov/programs-surveys/popest/tables
geoId/38,North Dakota,2013,723149,https://www2.census.gov/programs-surveys/popest/tables
geoId/38,North Dakota,2014,738736,https://www2.census.gov/programs-surveys/popest/tables
geoId/38,North Dakota,2015,755537,https://www2.census.gov/programs-surveys/popest/tables
geoId/38,North Dakota,2016,756114,https://www2.census.gov/programs-surveys/popest/tables
geoId/38,North Dakota,2017,756755,https://www2.census.gov/programs-surveys/popest/tables
geoId/38,North Dakota,2018,760062,https://www2.census.gov/programs-surveys/popest/tables
geoId/39,Ohio,2013,11579692,https://www2.census.gov/programs-surveys/popest/tables
geoId/39,Ohio,2014,11606573,https://www2.census.gov/programs-surveys/popest/tables
geoId/39,Ohio,2015,11622315,https://www2.census.gov/programs-surveys/popest/tables
geoId/39,Ohio,2016,11640060,https://www2.census.gov/programs-surveys/popest/tables
geoId/39,Ohio,2017,11665706,https://www2.census.gov/programs-surveys/popest/tables
geoId/39,Ohio,2018,11680892,https://www2.census.gov/programs-surveys/popest/tables
geoId/40,Oklahoma,2013,3853891,https://www2.census.gov/programs-surveys/popest/tables
geoId/40,Oklahoma,2014,3879187,https://www2.census.gov/programs-surveys/popest/tables
geoId/40,Oklahoma,2015,3910518,https://www2.census.gov/programs-surveys/popest/tables
geoId/40,Oklahoma,2016,3928143,https://www2.census.gov/programs-surveys/popest/tables
geoId/40,Oklahoma,2017,3933602,https://www2.census.gov/programs-surveys/popest/tables
geoId/40,Oklahoma,2018,3943488,https://www2.census.gov/programs-surveys/popest/tables
geoId/41,Oregon,2013,3924110,https://www2.census.gov/programs-surveys/popest/tables
geoId/41,Oregon,2014,3965447,https://www2.census.gov/programs-surveys/popest/tables
geoId/41,Oregon,2015,4018542,https://www2.census.gov/programs-surveys/popest/tables
geoId/41,Oregon,2016,4093271,https://www2.census.gov/programs-surveys/popest/tables
geoId/41,Oregon,2017,4147294,https://www2.census.gov/programs-surveys/popest/tables
geoId/41,Oregon,2018,4183538,https://www2.census.gov/programs-surveys/popest/tables
geoId/42,Pennsylvania,2013,12779538,https://www2.census.gov/programs-surveys/popest/tables
geoId/42,Pennsylvania,2014,12792392,https://www2.census.gov/programs-surveys/popest/tables
geoId/42,Pennsylvania,2015,12789838,https://www2.census.gov/programs-surveys/popest/tables
geoId/42,Pennsylvania,2016,12788468,https://www2.census.gov/programs-surveys/popest/tables
geoId/42,Pennsylvania,2017,12794679,https://www2.census.gov/programs-surveys/popest/tables
geoId/42,Pennsylvania,2018,12809107,https://www2.census.gov/programs-surveys/popest/tables
geoId/44,Rhode Island,2013,1055560,https://www2.census.gov/programs-surveys/popest/tables
geoId/44,Rhode Island,2014,1056511,https://www2.census.gov/programs-surveys/popest/tables
geoId/44,Rhode Island,2015,1056886,https://www2.census.gov/programs-surveys/popest/tables
geoId/44,Rhode Island,2016,1057816,https://www2.census.gov/programs-surveys/popest/tables
geoId/44,Rhode Island,2017,1056554,https://www2.census.gov/programs-surveys/popest/tables
geoId/44,Rhode Island,2018,1059338,https://www2.census.gov/programs-surveys/popest/tables
geoId/45,South Carolina,2013,4766469,https://www2.census.gov/programs-surveys/popest/tables
geoId/45,South Carolina,2014,4826858,https://www2.census.gov/programs-surveys/popest/tables
geoId/45,South Carolina,2015,4896006,https://www2.census.gov/programs-surveys/popest/tables
geoId/45,South Carolina,2016,4963031,https://www2.census.gov/programs-surveys/popest/tables
geoId/45,South Carolina,2017,5027102,https://www2.census.gov/programs-surveys/popest/tables
geoId/45,South Carolina,2018,5091702,https://www2.census.gov/programs-surveys/popest/tables
geoId/46,South Dakota,2013,842751,https://www2.census.gov/programs-surveys/popest/tables
geoId/46,South Dakota,2014,849670,https://www2.census.gov/programs-surveys/popest/tables
geoId/46,South Dakota,2015,854663,https://www2.census.gov/programs-surveys/popest/tables
geoId/46,South Dakota,2016,863693,https://www2.census.gov/programs-surveys/popest/tables
geoId/46,South Dakota,2017,873732,https://www2.census.gov/programs-surveys/popest/tables
geoId/46,South Dakota,2018,879386,https://www2.census.gov/programs-surveys/popest/tables
geoId/47,Tennessee,2013,6496943,https://www2.census.gov/programs-surveys/popest/tables
geoId/47,Tennessee,2014,6544617,https://www2.census.gov/programs-surveys/popest/tables
geoId/47,Tennessee,2015,6595354,https://www2.census.gov/programs-surveys/popest/tables
geoId/47,Tennessee,2016,6651277,https://www2.census.gov/programs-surveys/popest/tables
geoId/47,Tennessee,2017,6714748,https://www2.census.gov/programs-surveys/popest/tables
geoId/47,Tennessee,2018,6778180,https://www2.census.gov/programs-surveys/popest/tables
geoId/48,Texas,2013,26479646,https://www2.census.gov/programs-surveys/popest/tables
geoId/48,Texas,2014,26963092,https://www2.census.gov/programs-surveys/popest/tables
geoId/48,Texas,2015,27468531,https://www2.census.gov/programs-surveys/popest/tables
geoId/48,Texas,2016,27914064,https://www2.census.gov/programs-surveys/popest/tables
geoId/48,Texas,2017,28291024,https://www2.census.gov/programs-surveys/popest/tables
geoId/48,Texas,2018,28624564,https://www2.census.gov/programs-surveys/popest/tables
geoId/49,Utah,2013,2898773,https://www2.census.gov/programs-surveys/popest/tables
geoId/49,Utah,2014,2938327,https://www2.census.gov/programs-surveys/popest/tables
geoId/49,Utah,2015,2983626,https://www2.census.gov/programs-surveys/popest/tables
geoId/49,Utah,2016,3044241,https://www2.census.gov/programs-surveys/popest/tables
geoId/49,Utah,2017,3103540,https://www2.census.gov/programs-surveys/popest/tables
geoId/49,Utah,2018,3155153,https://www2.census.gov/programs-surveys/popest/tables
geoId/50,Vermont,2013,626603,https://www2.census.gov/programs-surveys/popest/tables
geoId/50,Vermont,2014,625693,https://www2.census.gov/programs-surveys/popest/tables
geoId/50,Vermont,2015,625810,https://www2.census.gov/programs-surveys/popest/tables
geoId/50,Vermont,2016,624366,https://www2.census.gov/programs-surveys/popest/tables
geoId/50,Vermont,2017,625132,https://www2.census.gov/programs-surveys/popest/tables
geoId/50,Vermont,2018,624802,https://www2.census.gov/programs-surveys/popest/tables
geoId/51,Virginia,2013,8255861,https://www2.census.gov/programs-surveys/popest/tables
geoId/51,Virginia,2014,8315430,https://www2.census.gov/programs-surveys/popest/tables
geoId/51,Virginia,2015,8367303,https://www2.census.gov/programs-surveys/popest/tables
geoId/51,Virginia,2016,8417651,https://www2.census.gov/programs-surveys/popest/tables
geoId/51,Virginia,2017,8471011,https://www2.census.gov/programs-surveys/popest/tables
geoId/51,Virginia,2018,8510920,https://www2.census.gov/programs-surveys/popest/tables
geoId/53,Washington,2013,6966252,https://www2.census.gov/programs-surveys/popest/tables
geoId/53,Washington,2014,7057531,https://www2.census.gov/programs-surveys/popest/tables
geoId/53,Washington,2015,7167287,https://www2.census.gov/programs-surveys/popest/tables
geoId/53,Washington,2016,7299961,https://www2.census.gov/programs-surveys/popest/tables
geoId/53,Washington,2017,7427951,https://www2.census.gov/programs-surveys/popest/tables
geoId/53,Washington,2018,7526793,https://www2.census.gov/programs-surveys/popest/tables
geoId/54,West Virginia,2013,1854768,https://www2.census.gov/programs-surveys/popest/tables
geoId/54,West Virginia,2014,1850569,https://www2.census.gov/programs-surveys/popest/tables
geoId/54,West Virginia,2015,1843332,https://www2.census.gov/programs-surveys/popest/tables
geoId/54,West Virginia,2016,1832435,https://www2.census.gov/programs-surveys/popest/tables
geoId/54,West Virginia,2017,1818683,https://www2.census.gov/programs-surveys/popest/tables
geoId/54,West Virginia,2018,1805953,https://www2.census.gov/programs-surveys/popest/tables
geoId/55,Wisconsin,2013,5738012,https://www2.census.gov/programs-surveys/popest/tables
geoId/55,Wisconsin,2014,5753199,https://www2.census.gov/programs-surveys/popest/tables
geoId/55,Wisconsin,2015,5762927,https://www2.census.gov/programs-surveys/popest/tables
geoId/55,Wisconsin,2016,5775170,https://www2.census.gov/programs-surveys/popest/tables
geoId/55,Wisconsin,2017,5793147,https://www2.census.gov/programs-surveys/popest/tables
geoId/55,Wisconsin,2018,5809319,https://www2.census.gov/programs-surveys/popest/tables
geoId/56,Wyoming,2013,582620,https://www2.census.gov/programs-surveys/popest/tables
geoId/56,Wyoming,2014,583159,https://www2.census.gov/programs-surveys/popest/tables
geoId/56,Wyoming,2015,586389,https://www2.census.gov/programs-surveys/popest/tables
geoId/56,Wyoming,2016,585243,https://www2.census.gov/programs-surveys/popest/tables
geoId/56,Wyoming,2017,579994,https://www2.census.gov/programs-surveys/popest/tables
geoId/56,Wyoming,2018,579054,https://www2.census.gov/programs-surveys/popest/tables
